movie_id,title
139,Target (1995)
568,Bhaji on the Beach (1993)
1900,Children of Heaven  The (Bacheha-Ye Aseman) (1997)
2284,Bandit Queen (1994)
5985,Asoka (Ashoka the Great) (2001)
6244,Salaam Bombay! (1988)
6674,War and Peace (Jang Aur Aman) (2001)
6683,Fire (1996)
8971,Veer Zaara (2004)
27131,Dil Se (1998)
27163,Something Is Happening (Kuch Kuch Hota Hai) (1998)
27326,Devdas (2002)
27362,Sometimes Happiness  Sometimes Sorrow (Kabhi Khushi Kabhie Gham) (2001)
27518,D.C.H. (Dil Chahta Hai) (2001)
27729,Kal Ho Naa Ho (2003)
30905,Bomb the System (2002)
31600,Deceivers  The (1988)
33688,Parineeta (2005)
34435,Sholay (1975)
34466,Hum Dil De Chuke Sanam (1999)
35828,Black (2005)
36083,Main Hoon Na (2004)
36086,Dilwale Dulhania Le Jayenge (1995)
41650,Mother India (1957)
42208,Paheli (2005)
45036,Chess Players  The (Shatranj Ke Khilari) (1977)
46770,Krrish (2006)
48239,Yuva (2004)
50279,My Bollywood Bride (2006)
51884,Namesake  The (2006)
52182,Eklavya: The Royal Guard (2007)
55098,Paint It Yellow (Rang De Basanti) (2006)
56167,Om Shanti Om (2007)
57183,Like Stars on Earth (Taare Zameen Par) (2007)
58111,Jodhaa Akbar (2008)
58933,Saawariya (2007)
64650,Marriage Made in Heaven  A (Rab Ne Bana Di Jodi) (2008)
69136,Don (1978)
69187,Billu (2009)
69269,Salaam Namaste (2005)
71444,Thirst (Pyaasa) (1957)
71460,Wanted (2009)
71688,Jab We Met (2007)
72325,Paper Flowers (Kaagaz Ke Phool) (1959)
72587,Pure One (Pakeezah) (1972)
72953,Less of Sugar (Cheeni Kum) (2007)
73051,Guru (2007)
73170,Aaja Nachle (2007)
73513,Swades: We  the People (Our Country) (2004)
73881,3 Idiots (2009)
73900,Hum Tum (2004)
74404,Hero: Love Story of a Spy  The (2003)
74406,Lucky: No Time For Love (2005)
74426,Mohabbatein (2000)
74641,Singh Is Kinng (2008)
74787,My Name is Khan (2010)
76051,Delhi-6 (2009)
76056,New York (2009)
76132,B.N.B. (Bunty Aur Babli) (2005)
76238,One 2 Ka 4 (2001)
76241,Shakthi: The Power (2002)
76269,Chalte Chalte (2003)
76291,Karan Arjun (1995)
77210,Hum Tumhare Hain Sanam (2002)
78192,Firaaq (2008)
78196,Chhoti Si Baat (1975)
78408,Salaam-E-Ishq (2007)
78410,Chance Pe Dance (2010)
78488,Dhoondte Reh Jaoge (2009)
78557,Aladin (2009)
78873,Accident on Hill Road (2010)
79195,Raincoat (2004)
79507,Amar Akbar Anthony (1977)
79838,Ankur (The Seedling) (1974)
79974,Pyaar Impossible (2010)
80777,Tere Naam (2003)
81087,Luck by Chance (2009)
81111,Peepli Live (2010)
81671,Tramp  The (Awaara) (Awara) (1951)
82097,Karthik Calling Karthik (2010)
82154,Get Educated: Paathshaala (2010)
82902,Chori Chori Chupke Chupke (2001)
82906,Baghban (2003)
82980,Mujhse Shaadi Karogi (2004)
83004,Tere Bin Laden (2010)
83038,Disco Dancer (1983)
83264,Band Baaja Baaraat (2010)
83266,Kaho Naa... Pyaar Hai (2000)
83337,Mujhse Dosti Karoge! (2002)
83339,Main Prem Ki Diwani Hoon (2003)
83424,Ghajini (2008)
83430,Fool N Final (2007)
83457,Hum Aapke Hain Koun...! (1994)
83956,Om Jai Jagadish (2002)
84238,Aankhen (2002)
84500,Seventh Horse of the Sun  (Suraj Ka Satvan Ghoda) (1993)
86438,Laaga Chunari Mein Daag: Journey of a Woman (2007)
87882,De Dana Dan (2009)
88065,Double Dhamaal (2011)
88069,Delhi Belly (2011)
89554,Zindagi Na Milegi Dobara (2011)
89632,Masti (2004)
91241,Singham (2011)
91250,Chandni Chowk to China (2009)
91805,Ladies vs. Ricky Bahl (2011)
91844,Chak De India! (2007)
93782,Paan Singh Tomar (2010)
93921,Housefull 2 (2012)
93923,Agent Vinod (2012)
94190,Aakrosh (2010)
94661,Rocket Singh: Salesman of the Year (2009)
94663,Vicky Donor (2012)
94725,Bombay Talkie (1970)
94900,Desi Boyz (2011)
94969,Kahaani (2012)
95697,No Problem (2010)
96086,Householder  The (Gharbar) (1963)
96275,In Custody (1994)
97042,Ishaqzaade (2012)
97254,Shakespeare-Wallah (1965)
97648,Gangs of Wasseypur (2012)
98000,Student of the Year (2012)
98198,OMG Oh My God! (2012)
98956,Barfi! (2012)
99061,7 Khoon Maaf (2011)
99119,Mahakaal (The Monster) (1993)
99636,English Vinglish (2012)
99731,Dabangg 2 (2012)
100336,Udaan (2010)
100727,Heroine (2012)
101640,Don (2006)
101664,Hey Ram (2000)
101719,Koi... Mil Gaya (2003)
103050,Pyaar Ka Punchnama (2011)
103363,Aks (2001)
103639,Bhaag Milka Bhaag (2013)
103641,D-Day (2013)
103671,Joker (2012)
104379,Chennai Express (2013)
104996,Table No.21 (2013)
105084,Grand Masti (2013)
105290,Shanghai (2012)
105338,Kabul Express (2006)
105343,Special 26 (2013)
105477,Talaash (2012)
105599,Drona (2008)
105884,Being Cyrus (2005)
106064,Race (2008)
106462,Fiancee  The (Parineeta) (1953)
107707,Dhoom (2004)
107853,Scorching Winds (Garm Hava) (Garam Hawa) (1974)
107883,The Lunchbox (2013)
108160,Breakaway (Speedy Singhs) (2011)
108432,Guru  The (1969)
108514,Yeh Jawaani Hai Deewani (2013)
109093,Don 2 (2011)
109096,Pardes (1997)
109277,Love Story 2050 (2008)
109455,Highway (2014) 
109728,Kai Po Che! (2013)
112501,Kabhi Haan Kabhi Naa (1994)
112594,Duplicate (1998)
112640,Ra.One (2011)
112903,Gunday (2014)
112905,Goliyon Ki Raasleela Ram-Leela (2013)
112907,Villain  The (Ek Villain) (2014)
112909,Kites (2010)
115973,Haider (2014)
116704,Zanjeer (1973)
117148,Dil Bole Hadippa! (2009)
117310,Aashiqui 2 (2013)
117506,Deewaar (1975)
118258,It's a Wonderful Afterlife (2010)
118446,Journey Beyond Three Seas (1957)
118762,Action Jackson (2014)
119080,Loins of Punjab Presents (2007)
120138,PK (2014)
120486,Daar (1993)
121133,Ishq (1997)
121370,Happy New Year (2014)
125479,The Unknown (1965)
126152,Lahore (2010)
129437,Ugly (2013)
129786,Dhobi Ghat (2011)
129788,Raanjhanaa (2013)
130492,Dum Laga Ke Haisha (2015)
130618,Baby (2015)
131021,Filmistaan (2014)
132358,N.H 10 (2015)
132456,Lage Raho Munna Bhai (2006)
132468,Ship of Theseus (2013)
132948,Doli Saja Ke Rakhna
132950,Vaastav: The Reality (1999)
132952,Sarfarosh (1999)
133229,Court (2014)
133389,Piku (2015)
133695,Ankhon Dekhi (2014)
133697,Gulaal (2009)
133699,Black Friday (2004)
133767,Andaz Apna Apna (1994)
133769,Hera Pheri (2000)
133949,Fugly (2014)
134178,Detective Byomkesh Bakshy (2015)
134180,Badlapur (2015)
134182,Holiday (2014)
134230,Wake Up Sid (2009)
134232,Mission Kashmir (2000)
134234,Lakshya (2004)
134236,Iqbal (2005)
134238,Ghulam (1998)
134240,Rangeela (1995)
134330,Bombay Talkies (2013)
134332,Bhool Bhulaiyaa (2007)
134334,Phir Hera Pheri (2006)
134336,Mohra (1994)
134338,Sarkar Raj (2008)
134340,Ek Ajnabee (2005)
134342,Sarkar (2005)
134344,Hulchul (2004)
134346,Samay: When Time Strikes (2003)
134352,1942: A Love Story (1994)
134354,Nayak: The Real Hero (2001)
134356,Virasat (1997)
134593,Maqbool (2003)
134777,Jab Tak Hai Jaan (2012)
134779,Mere Brother Ki Dulhan (2011)
134781,I Hate Luv Storys (2010)
134815,Happy Ending (2014)
134867,Tanu Weds Manu (2011)
135204,Madras Cafe (2013)
135224,Hamari Adhuri Kahaani (2015)
135494,B.A. Pass (2013)
135500,Gabbar Is Back (2015)
135555,Bluffmaster! (2005)
135583,Bhoot (2003)
135587,Raat (1992)
135589,1920 (2008)
135591,You Must Be Scared (2006)
135593,Darna Mana Hai (2003)
135601,Rockstar (2011)
135603,Rock On!! (2008)
135725,Shiva (1989)
135729,Main Khiladi Tu Anari (1994)
135731,Jungle (2000)
135733,Prahaar: The Final Attack (1991)
135735,Sehar (2005)
135737,Zakhm (1998)
135761,Kaminey (2009)
135763,Company (2002)
135765,Vishwaroopam (2013)
135767,Omkara (2006)
135769,Baadshah (1999)
135771,Koyla (1997)
135773,Shool (1999)
135775,Ghayal (1990)
135777,Golmaal (2006)
135781,Saheb Biwi Aur Gangster (2011)
135783,Gadar: Ek Prem Katha (2001)
135789,Shaitan (2011)
135791,Awara Paagal Deewana (2002)
135795,Mardaani (2014)
135797,Shootout at Lokhandwala (2007)
135799,Josh (2000)
135819,Raakh (1989)
135823,Dhoom 3 (2013)
135829,Dhoom 2 (2006)
135837,Ram Gopal Varma Ki Aag (2007)
135839,Shahid (2013)
135841,Siddharth (2013)
135875,Queen (2014)
135919,Bhoothnath Returns (2014)
136491,Ishqiya (2010)
136493,Chandni Bar (2001)
136497,Khosla Ka Ghosla! (2006)
136848,Shabd (2005)
136986,Dil (1990)
137112,Once Upon a Time in Mumbaai (2010)
137490,Three Daughters (Teen Kanya) (1961)
137593,Hooligan (1998)
137920,Bombay Velvet (2015)
138232,Aalavandhan (2001)
138804,Finding Fanny (2014)
139148,Bajrangi Bhaijaan (2015)
139205,Tanu Weds Manu Returns (2015)
139865,Qissa: The Tale of a Lonely Ghost (2013)
140142,Bhuvan Shome (1969)
141058,Manjhi The Mountain Man (2015)
141060,Fly Away Solo (2015)
141100,Sujata (1960)
141102,Devdas (1955)
141120,Brothers (2015)
141162,Taxi No. 9 2 11: Nau Do Gyarah (2006)
141201,Death of a Doctor (1991)
141203,Aakrosh (1980)
141702,Drishyam (2015)
141704,Phantom (2015)
142030,Zid (2014)
142382,Agneepath (2012)
142384,Cocktail (2012)
142570,Dor (2006)
142677,Lootera (2013)
142817,Apaharan (2005)
142823,Baazigar (1993)
142825,Sparsh (1980)
142829,The Dirty Picture (2011)
142831,Garam Masala (2005)
142833,Chup Chup Ke (2006)
142835,Dulhe Raja (1998)
142837,Mr. & Mrs. Khiladi (1997)
143164,Silsila (1981)
143565,A Prayer for Rain (2013)
144684,Dharam Sankat Mein (2015)
144686,Chupke Chupke (1975)
144934,Go Goa Gone (2013)
144984,Pyaar Ka Punchnama 2 (2015)
145496,Delhi Safari (2012)
145498,Matrubhoomi (2003)
146110,Padosan (1968)
146112,Ittefaq
146114,Mera Naam Joker (1972)
146116,Haathi Mere Saathi (1971)
146118,Benaam (1974)
146120,Jadu Tona (1977)
146122,Baton Baton Mein (1979)
146124,Beloved Enemy (1979)
146126,Khubsoorat (1980)
146128,Red Rose (1980)
146130,Saboot (1980)
146132,Naram Garam (1981)
146134,Jaane Bhi Do Yaaro (1983)
146136,Masoom (1983)
146138,Hero (1983)
146140,Rang Birangi (1983)
146142,The Old Temple (1984)
146144,Khamosh (1985)
146146,Arjun (1985)
146148,Chameli Ki Shaadi (1986)
146150,Anubhav (1986)
146152,Karma (1986)
146154,Tahkhana (1986)
146156,Mr India (1987)
146158,Tezaab (1989)
146160,Maalamaal (1988)
146162,Veerana (1988)
146164,Maine Pyar Kiya (1989)
146166,Bandh Darwaza (1990)
146168,Shaitani Ilaaka (1990)
146170,Saajan (1991)
146172,100 Days (1991)
146174,Phool Aur Kaante (1991)
146176,Heart (1992)
146178,Jo Jeeta Wohi Sikandar (1992)
146180,Suryavanshi (1992)
146182,Chamatkar (1992)
146184,Aankhen (1993)
146186,Hum Hain Rahi Pyar Ke (1993)
146188,King Uncle (1993)
146190,Khal Nayak (1993)
146192,Waqt Hamara Hai (1993)
146216,Suhaag (1994)
146218,Krantiveer (1994)
146220,Gopi Kishan (1994)
146222,Baazi (1995)
146224,Barsaat (1995)
146226,Takkar (1995)
146228,Sapoot (1996)
146230,Khamoshi: The Musical (1996)
146232,Loafer (1996)
146234,Raja Hindustani (1996)
146236,Jeet (1996)
146238,Agni Sakshi (1996)
146240,Ghatak: Lethal (1996)
146242,Chachi 420 (1997)
146244,Dil To Pagal Hai (1997)
146246,Bhai (1997)
146248,Judwaa (1997)
146250,Gupt: The Hidden Truth (1997)
146252,Daud (1997)
146254,Aflatoon (1997)
146256,Bade Miyan Chote Miyan (1998)
146258,China Gate (1998)
146260,Pyaar Kiya To Darna Kya (1998)
146262,Soldier (1999)
146358,Taal (1999)
146360,Hum Saath Saath Hain (1999)
146362,Jaanam Samjha Karo (1999)
146364,Dil Kya Kare
146366,Kaun (1999)
146368,Pyaar Koi Khel Nahin (1999)
146370,Hogi Pyar Ki Jeet
146372,Biwi No. 1 (1999)
146374,Hello Brother (1999)
146376,Kartoos (1999)
146378,Mast (1999)
146380,Kachche Dhaage (1999)
146382,Deewane (2000)
146384,Dhadkan (2000)
146386,Khiladi 420 (2000)
146388,Kurukshetra (2000)
146390,Mela (2000)
146392,Refugee (2000)
146394,Kya Kehna (2000)
146396,Fiza (2000)
146398,Bicchoo (2000)
146400,Har Dil Jo Pyar Karega... (2000)
146402,Pukar (2000)
146404,Beti No. 1 (2000)
146406,Khauff (2000)
146408,Jis Desh Mein Ganga Rehta Hai (2000)
146410,Hum To Mohabbat Karega (2000)
146412,Badal (2000)
147024,Prem Ratan Dhan Payo (2015)
147055,Chashme Buddoor (1981)
147940,Tamasha (2015)
148058,Talvar (2015)
148066,Pestonjee (1988)
148070,Mary Kom (2014)
148811,The Legend of Bhagat Singh (2002)
149606,Bajirao Mastani (2015)
149670,Namastey London (2007)
150268,Dilwale (2015)
150296,Guzaarish (2010)
150320,Raavan (2010)
150322,Paa (2009)
150340,Khoobsurat (2014)
150344,Bang Bang (2014)
151459,Airlift (2016)
151461,Fitoor (2016)
151547,Daawat-e-Ishq (2014)
151617,Water (2014)
151804,X: Past Is Present (2015)
151963,Ajnabee (2001)
151965,Jodi No.1 (2001)
151967,Pyaar Tune Kya Kiya
151969,Style (2001)
151971,Love Ke Liye Kuch Bhi Karega (2001)
151973,Mujhe Kucch Kehna Hai (2001)
151975,Albela (2001)
151977,Yaadein (2001)
151979,Indian (2001)
151981,Tum Bin (2001)
151983,Aashiq (2001)
151985,Yeh Raaste Hain Pyaar Ke (2001)
151987,Aamdani Atthanni Kharcha Rupaiya (2001)
151997,Titli (2014)
152011,Anjaana Anjaani (2010)
152067,Neerja (2016)
152222,Agnivarsha: The Fire and the Rain (2002)
152338,Humraaz (2002)
152340,Aap Mujhe Achche Lagne Lage (2002)
152342,road (2002)
152344,Sur (2002)
152346,EK Chotti Si Love Story (2002)
152348,Hum Kisi Se Kum Nahin (2002)
152350,Na Tum Jaano Na Hum (2002)
152352,Makdee (2002)
152354,Deewangee (2002)
152356,Raaz (2002)
152358,Jaani Dushman: Ek Anokhi Kahani (2002)
152360,Maine Dil Tujhko Diya (2002)
152362,Saathiya (2002)
152364,Kaante (2002)
152455,The Cook (1972)
152499,Hisss (2010)
152557,Traffic Signal (2007)
152593,Bhagam Bhag (2006)
152689,Mastizaade (2016)
152808,Main Madhuri Dixit Banna Chahti Hoon!
152810,Jaal: The Trap (2003)
152812,Calcutta Mail (2003)
152814,Dhund: The Fog
152816,Chura Liyaa Hai Tumne (2003)
152818,Saaya (2003)
152820,Qayamat: City Under Threat (2003)
152822,Khel (2003)
152824,LOC: Kargil (2003)
152826,Hawa (2003)
152828,Ishq Vishk (2003)
152830,Khushi (2003)
152832,Zameen (2003)
152834,Sin (2003)
152836,Gangaajal (2003)
152868,Murder (2004)
152870,Khakee (2004)
152872,Fida (2004)
152874,Madhoshi (2004)
152876,Krishna Cottage (2004)
152878,Kismat (2004)
152880,Garv: Pride and Honour (2004)
152882,Rudraksh (2004)
152884,Vaastu Shastra
152886,Deewaar: Let's Bring Our Heroes Home (2004)
152888,Asambhav (2004)
152890,Ek Hasina Thi (2004)
152892,Bardaasht (2004)
152894,Lakeer - Forbidden Lines (2004)
152896,Taarzan: The Wonder Car (2004)
152898,Plan (2004)
152900,Dil Ne Jise Apna Kahaa (2004)
152902,Rakht (2004)
152904,Run (2004)
152978,Kaal (2005)
152980,Deewane Huye Paagal (2005)
152982,Kyaa Kool Hai Hum (2005)
152984,No Entry (2005)
152986,Bose: The Forgotten Hero (2005)
152988,Maine Pyaar Kyun Kiya (2005)
152990,Vaah! Life Ho Toh Aisi! (2005)
152992,Naina (2005)
152994,Kalyug (2005)
152996,Shikhar (2005)
152998,Chocolate: Deep Dark Secrets (2005)
153000,Kyon Ki... (2005)
153006,Karam (2005)
153008,Tango Charlie (2005)
153012,Aashiq Banaya Aapne (2005)
153020,Waqt: The Race Against Time (2005)
153028,Zeher (2005)
153030,Socha Na tha (2005)
153032,Dus (2005)
153034,D (2005)
153042,Elaan (2005)
153046,Page 3 (2005)
153052,Chaahat Ek Nasha... (2005)
153260,Silent Waters (2003)
153538,Gangster (2006)
153540,Bhoot Unkle (2006)
153542,Naksha (2006)
153546,Woh Lamhe (2006)
153548,Fight Club: Members Only (2006)
153550,Pyaar Ke Side Effects (2006)
153552,Malamaal Weekly (2006)
153554,36 China Town (2006)
153556,Corporate (2006)
153558,Tom  Dick And Harry (2006)
153560,Shiva (2006)
153562,Jaane Hoga Kya (2006)
153766,Welcome (2007)
153768,No Smoking (2007)
153770,Dil Dosti Etc (2007)
153772,Dus Kahaniyaan (2007)
153774,The Train: Some Lines Shoulder Never Be Crossed... (2007)
153776,Awarapan (2007)
153778,Good Boy  Bad Boy (2007)
153780,Bheja Fry (2007)
153782,MP3: Mera Pehla Pehla Pyaar (2007)
153784,Dhol (2007)
153790,Bachna Ae Haseeno (2008)
153792,Fashion (2008)
153794,Camaraderie (2008)
153796,Krazzy 4 (2008)
153798,Bhoothnath (2008)
153800,Halla Bol (2008)
153804,Golmaal Returns (2008)
153806,Jannat (2008)
153816,Tashan (2008)
153824,Karzzzz (2008)
153826,Y.M.I. - Yeh Mera India (2009)
153961,99 (2009)
153963,The Stoneman Murders (2009)
153996,All The Best (2009)
154015,Kisna (2005)
154075,Dabangg (2010)
154077,Khatta Meetha (2010)
154085,Kaalo (2010)
154154,Shor in the City (2011)
154158,No One Killed Jessica (2011)
154160,Bodyguard (2011)
154162,Thank You (2011)
154164,404: Error Not Found (2011)
154168,1920: Evil Returns (2012)
154170,Ghost (2012)
154276,Aligarh (2016)
154344,Commando - A One Man Army (2013)
154346,Boss (2013)
154348,Jolly LLB (2013)
154350,Shuddh Desi Romance (2013)
154352,Ek Thi Daayan (2013)
154458,Singham Returns (2014)
154460,Raja Natwarlal (2014)
154462,Dedh Ishqiya (2014)
154464,Sulemani Keeda (2014)
154466,Darr @ the Mall (2014)
154468,She Smiles  She's Snared! (2014)
154470,2 States (2014)
154472,Heropanti (2014)
154478,Roar (2014)
154480,Creature (2014)
154482,Hunterrr (2015)
154828,Hate Story 3 (2015)
154949,Holi (1985)
155090,Roja (1992)
155285,Dil Dhadakne Do (2015)
155460,Jackpot (2013)
155575,Force (2011)
155758,Irudhi Suttru (2016)
156375,Raghu Romeo (2003)
156545,Angry Indian Goddesses (2015)
156587,Hate Story (2012)
156589,Hate Story 2 (2014)
156821,Yakeen (1969)
157106,Fan (2016)
157178,Ardh Satya (1983)
157332,Ghayal Once Again (2016)
158408,Ajab Prem Ki Ghazab Kahani (2009)
158691,Kick (2014)
158695,Teri Meri Kahaani (2012)
158697,Aitraaz (2004)
158876,Singh is Bling (2015)
159065,Jai Gangaajal (2016)
159207,Gulaab Gang (2014)
159215,Umrika (2015)
159437,Azhar (2016)
159606,Kapoor and Sons (2016)
160273,Aarakshan (2011)
160277,Chakravyuh (2012)
160279,Dasvidaniya (2008)
160281,Do Dooni Chaar (2010)
160283,Dum Maaro Dum (2011)
160301,Udta Punjab (2016)
160436,Te3n (2016)
160444,Ghanchakkar (2013)
160446,Khichdi: The Movie (2010)
160448,Love Sex aur Dhokha (2010)
160450,Mirch (2010)
160452,Miss Lovely (2012)
160454,Oye Lucky! Lucky Oye! (2008)
160456,Phas Gaye Re Obama (2010)
160458,Saheb Biwi Aur Gangster Returns (2013)
160460,Shamitabh (2015)
160462,Stanley's Tiffin Box (2011)
160464,Tere Naal Love Ho Gaya (2012)
160555,Raman Raghav 2.0 (2016)
161034,Sultan (2016)
161094,Nil Battey Sannata (2016)
161105,Kismat Konnection (2008)
161177,Brahman Naman (2016)
161608,Madaari (2016)
162542,Rustom (2016)
162648,Baaghi (2016)
162656,Dishoom (2016)
162668,Ki and Ka (2016)
162672,Mohenjo Daro (2016)
162744,Matru Ki Bijlee Ka Mandola (2013)
162844,Race 2 (2013)
163046,Hattrick (2007)
163312,Dhamaal (2007)
163454,Himmatwala (2013)
163456,Tees Maar Khan (2010)
163458,Rascals (2011)
163460,God Tussi Great Ho (2008)
163466,Housefull (2010)
163470,Murder 2 (2011)
163472,Murder 3 (2013)
163591,Rainbow (2015)
164431,Colors of Passion (2014)
164443,Freaky Ali (2016)
165607,Naughty @ 40 (2011)
165723,Ae Dil Hai Mushkil (2016)
165901,Happy Bhag Jayegi (2016)
166151,Rock On 2 (2016)
166818,Army (1996)
167038,Dear Zindagi (2016)
167392,Dangal (2016)
167466,Sahib Bibi Aur Ghulam (1962)
167840,Rangoon (2017)
167988,Buddha in a Traffic Jam (2016)
168168,Margarita  with a Straw (2014)
168406,Mughal-E-Azam (1960)
168656,Ok Jaanu (2017)
168962,Pink (2016)
169074,Chittagong (2012)
169482,Parched (2015)
169888,Kaabil (2017)
170459,A Flying Jatt (2016)
170637,Viceroy's House (2017)
170989,Horror Story (2013)
171737,Kabhi Alvida Naa Kehna (2006)
171751,Munna bhai M.B.B.S. (2003)
172387,Kill Dil (2014)
173175,Badrinath Ki Dulhania (2017)
173827,Fanaa (2006)
173987,Shree 420 (1955)
174661,Tubelight (2017)
175559,Aiyyaa (2012)
175571,Welcome to Sajjanpur (2008)
175597,3 A.M (2014)
175697,Kyaa Super Kool Hain Hum (2012)
176063,Phillauri (2017)
176249,Mom (2017)
176331,Jab Harry met Sejal (2017)
176697,Lipstick Under My Burkha (2017)
177095,Hindi Medium (2017)
177815,Mujhse Fraaandship Karoge (2011)
178079,Anand (1971)
178329,Umrao Jaan (2006)
178331,Kuch Naa Kaho (2003)
178397,Jai Ho (2014)
178489,Baar Baar Dekho (2016)
178673,Half Ticket (1962)
178903,The Deliverance (1981)
178933,Newton (2017)
179389,Chef (2017)
179397,Secret Superstar (2017)
179697,Meri Pyaari Bindu (2017)
180269,Hotel Salvation (2016)
180359,Armaan (2003)
180601,Dum (2003)
180845,Phool Aur Patthar (1966)
180885,Satya (1998)
181035,Youngistaan (2014)
181051,Dulhan Hum Le Jayenge (2000)
181079,Tumhari Sulu (2017)
181197,Zubeidaa (2001)
181245,Toilet - Ek Prem Katha (2017)
181251,Gol Maal (1979)
181637,Frangi
181751,Lagaan: Once Upon a Time in India (2001)
182339,Zokkomon (2011)
182395,Judwaa 2 (2017)
182563,Golmaal Again (2017)
182705,Action Replayy (2010)
183231,Trapped (2017)
183383,Fukrey (2013)
183385,Fukrey Returns (2017)
183717,Om-Dar-Ba-Dar (1988)
183813,Dil Hai Tumhaara (2002)
183979,M.S. Dhoni: The Untold Story (2016)
184165,Padmaavat (2018)
184193,Raees (2017)
184195,Humpty Sharma Ki Dulhania (2014)
184197,Main Tera Hero (2014)
184199,Any Body Can Dance 2 (2015)
184203,Mr. X (2015)
184205,Ungli (2014)
184209,Raaz: The Mystery Continues... (2009)
184211,Shaadi Mein Zaroor Aana (2017)
184213,Bareilly Ki Barfi (2017)
184215,Behen Hogi Teri (2017)
184217,Raabta (2017)
184219,Break Ke Baad (2010)
184221,Love Aaj Kal (2009)
184223,Heyy Babyy (2007)
184225,What's Your Raashee? (2009)
184229,Tiger Zinda Hai (2017)
184231,Jagga Jasoos (2017)
184233,Ek Tha Tiger (2012)
184235,Qarib Qarib Singlle (2017)
184351,Pushpak (1987)
184551,Aiyaary (2018)
184583,Love Per Square Foot (2018)
184779,Simran (2017)
184781,Sachin: A Billion Dreams (2017)
184941,Sonu Ke Titu Ki Sweety (2018)
184993,Shubh Mangal Saavdhan (2017)
184995,City Lights (2014)
185211,Heroes (2008)
185225,Taxi Driver (1954)
185459,Trimurti (1995)
185601,Raid (2018)
186637,Bobby Jasoos (2014)
186749,Hichki (2018)
186785,A Gentleman (2017)
186821,Johnny Gaddaar (2007)
187661,Daddy (2017)
187663,Mukkabaaz (2018)
188691,Lajja (2001)
189053,Chamku (2008)
189319,Dude  Where's the Party? (2004)
189687,Commando (1988)
189861,Hate Story IV (2018)
189875,Revolver Rani (2014)
190307,October (2018)
190665,U Me Aur Hum (2008)
190763,Race 3 (2018)
190765,Sanju (2018)
190767,Baaghi 2 (2018)
190769,Rocky Handsome (2016)
190823,Parmanu: The Story of Pokhran (2018)
191307,Phata Poster Nikhla Hero (2013)
191311,Force 2 (2016)
191377,Dhadak (2018)
192515,Ramaiya Vastavaiya (2013)
192773,Wajah Tum Ho (2016)
193073,Stree (2018)
193139,Satyameva Jayate (2018)
193635,Manto (2018)
193843,Raazi (2018)
